text,subcategory
como traslado la radicatoria de mi auto a el alto?,0043
tramite para cambio de radicacion de un vehiculo de la paz a el alto,0043
que pasos seguir para radicar mi coche en otro municipio?,0043
documentos para cambio de radicatoria vehicular,0043
cuanto cuesta cambiar la radicacion de un motorizado?,0043
tiempo que tarda el cambio de radicatoria a el alto,0043
donde presento la solicitud de traslado de radicacion?,0043
es necesaria inspeccion fisica para cambiar de municipio?,0043
requisitos para radicar una motocicleta importada en el alto,0043
puedo cambiar radicatoria si tengo impuestos atrasados?,0043
se renueva ruat al cambiar de municipio?,0043
necesito permiso de transito para radicar en otro gobierno municipal?,0043
procedimiento para radicar un taxi de viacha a el alto,0043
se mantiene la misma placa al cambiar radicatoria?,0043
como verifico si mi vehiculo ya esta radicado en el alto?,0043
hay multa por radicar fuera de plazo tras mudanza?,0043
puedo hacer cambio de radicatoria en linea?,0043
que impuesto debo pagar al radicar un camion en el alto?,0043
cambio de radicatoria para vehiculos de servicio publico,0043
certificado de libre deuda es obligatorio para el cambio?,0043
se necesita autorizacion del anterior municipio?,0043
como radico vehiculo de empresa en el alto?,0043
necesito nuevo soat para cambiar la radicatoria?,0043
radicar un coche afecta su valor fiscal?,0043
requisitos de aduana para radicar vehiculo importado,0043
cambio de radicatoria genera nueva tarjeta de circulacion?,0043
cuanto tarda el tramite en ventanilla unica?,0043
puedo radicar varios autos a la vez?,0043
hay descuento para vehiculos ecologicos al radicar?,0043
el tramite debe hacerlo el dueno o un apoderado?,0043
como cambio radicatoria si perdi la cedula de identidad?,0043
se requiere peritaje policial para radicar en el alto?,0043
que oficinas atienden cambio de radicatoria los sabados?,0043
formulario para solicitud de radicacion vehicular,0043
que sucede con mis antecedentes de multas al cambiar radicatoria?,0043
radicar una moto de cochabamba a el alto necesita ruat nuevo?,0043
cual es la vigencia del tramite de cambio de radicatoria?,0043
se puede anular un cambio de radicacion si me arrepiento?,0043
como radicar vehiculo diplomatico en el alto?,0043
el cambio de radicatoria afecta el registro de gps?,0043
puedo radicar el auto si esta prendado al banco?,0043
aplica cobro retroactivo de impuestos al radicar?,0043
checklist para cambio de radicatoria 2025,0043
el certificado de saneamiento vehicular es obligatorio?,0043
que tasas se pagan en caja al radicar en el alto?,0043
como actualizo la poliza de seguros tras radicar?,0043
mis placas provinciales cambian al radicar en capital?,0043
tiempo maximo para circular con radicacion antigua tras mudarme?,0043
radicar vehiculo extranjero temporalmente es posible?,0043
como radicar una flota completa de buses?,0043
el tramite de radicacion incluye sticker ambiental?,0043
como obtengo el 50 % de descuento para vehiculo de transporte publico?,0044
beneficio tributario para taxis: requisitos,0044
aplica descuento de servicio publico a camionetas de carga?,0044
documentos para solicitar rebaja de impuesto por pasajeros,0044
cual es el formulario del 50 % de descuento vehicular?,0044
se renueva cada ano el descuento para micros?,0044
descuento de servicio publico cubre mototaxis?,0044
puedo pedir descuento si mi bus esta fuera de servicio?,0044
costo final con descuento para un minibus,0044
donde tramito el beneficio del 50 % de impuesto vehicular?,0044
descuento aplica en pagos atrasados?,0044
que plazo tengo para adherirme al beneficio de transporte publico?,0044
se pierde el descuento si cambio de rubro a particular?,0044
necesito ruat actualizado para el descuento?,0044
como demuestro que mi vehiculo presta servicio de carga?,0044
puede un representante hacer el tramite por mi?,0044
descuento de servicio publico se aplica a motocicletas delivery?,0044
el beneficio es automatico o debo solicitarlo cada gestion?,0044
que pasa si mi taxi esta registrado en otro municipio?,0044
se mantiene la rebaja con cambio de radicatoria?,0044
el descuento cubre remolques de servicio publico?,0044
requiere inspeccion tecnica para obtener el 50 %?,0044
se puede pagar en cuotas con el descuento aplicado?,0044
multa por no renovar descuento de servicio publico?,0044
cual es la tasa base antes del 50 % de rebaja?,0044
como actualizo mi ruat para reflejar el servicio publico?,0044
que legislacion respalda el descuento para transporte publico?,0044
el beneficio es valido para buses escolares?,0044
descuento incluye permiso de color de taxi?,0044
necesito tarjeta de operacion para acceder al beneficio?,0044
como renuncio al descuento si dejo de prestar servicio?,0044
el 50 % aplica tambien al impuesto a la transferencia?,0044
descuento valido para vehiculos adaptados a gnv?,0044
se exige soat vigente para el descuento?,0044
cuanto tiempo tarda la aprobacion de la rebaja?,0044
hay un tope de antiguedad para recibir el 50 %?,0044
descuento se refleja de inmediato en la web de impuestos?,0044
como actualizar datos si amplie mi flota de taxis?,0044
puedo obtener el descuento durante una feria tributaria?,0044
que hago si la plataforma no reconoce mi placa como servicio publico?,0044
el descuento se aplica a tractocamiones de carga internacional?,0044
beneficio valido para aplicaciones de ride hailing?,0044
requiere certificacion de sindicato de transportistas?,0044
como apelar si me niegan el descuento?,0044
puedo transferir el descuento a un nuevo dueno?,0044
hay descuentos adicionales por combustible alternativo?,0044
se requiere licencia de funcionamiento del sindicato?,0044
el descuento caduca si no pago antes del 31 de marzo?,0044
guia paso a paso para tramitar el beneficio en linea,0044
descuento para vehiculos de turismo de pasajeros?,0044
aplica rebaja si el vehiculo esta dado de baja temporal?,0044
como solicito un duplicado de placa por perdida?,0045
requisitos para placa nueva por robo,0045
cuanto cuesta el duplicado de placa deteriorada?,0045
donde tramito placa duplicada en el alto?,0045
puedo seguir circulando sin placa mientras sale el duplicado?,0045
plazo de entrega de placas duplicadas,0045
documentos necesarios para pedir placa nueva,0045
se conserva el mismo numero de placa en el duplicado?,0045
necesito denuncia policial para duplicado de placa?,0045
que hago si mi placa esta ilegible?,0045
duplicado de placa requiere inspeccion del vehiculo?,0045
como tramitar placa duplicada para motocicleta?,0045
puedo solicitar duplicado si la placa se partio en dos?,0045
hay multa por circular sin placa tras perdida?,0045
formato de carta para duplicado de placa,0045
el duplicado de placa incluye ruat actualizado?,0045
duplicado de placa cubre placa delantera y trasera?,0045
puedo autorizar a un tercero a recoger mi placa duplicada?,0045
que material se usa en la nueva placa?,0045
como pago la tasa del duplicado de placa?,0045
cuanto tiempo es valido el comprobante provisorio de circulacion?,0045
duplicado de placa altera mi registro de propiedad?,0045
se necesita soat vigente para tramitar placa duplicada?,0045
que oficina entrega placas duplicadas los sabados?,0045
como proteger la placa para evitar deterioro futuro?,0045
duplicado de placa para auto historico es diferente?,0045
puedo solicitar solo la placa trasera como duplicado?,0045
duplicado de placa incluye sticker ambiental?,0045
que hacer si extravio la boleta de denuncia?,0045
placa duplicada para remolque requiere tramite aparte?,0045
se puede rastrear el estado del duplicado en linea?,0045
hay descuento por dano fortuito de la placa?,0045
necesito certificado de radicatoria para duplicado de placa?,0045
me pueden multar si la placa nueva demora mas de 15 dias?,0045
puedo cambiarme a placa mercosur en el duplicado?,0045
placa duplicada para flota de empresa se solicita en bloque?,0045
como solicito duplicado si aun debo impuestos?,0045
el numero grabado en chasis debe coincidir con la placa nueva?,0045
duplicado de placa de diplomaticos sigue otro proceso?,0045
puedo pedir duplicado de placa y cambio de color juntos?,0045
cuanto mide exactamente la placa nueva?,0045
se puede recoger la placa duplicada en ventanilla rapida?,0045
procedimiento expres para duplicado de placa robada,0045
placa duplicada requiere sello de transito?,0045
se suspende la autorizacion de importar placa personalizada?,0045
como obtengo constancia temporal para circular sin placa?,0045
duplicado de placa incluye la matricula de radionavegacion?,0045
tiempo maximo para reportar perdida de placa?,0045
puedo pedir duplicado en otra ciudad?,0045
hay seguro que cubra la reposicion de placas?,0045
checklist para duplicado de placa 2025,0045
como tramito duplicado del crpva?,0046
requisitos para duplicado de rua 03 perdido,0046
cuanto cuesta reponer el certificado de propiedad de vehiculo?,0046
donde se gestiona el duplicado del rua 03 en el alto?,0046
necesito denuncia policial para duplicado de crpva?,0046
tiempo de entrega para duplicado del certificado de propiedad,0046
duplicado de rua requiere inspeccion del motorizado?,0046
puedo solicitar duplicado si el documento esta ilegible?,0046
se entrega el duplicado en formato digital?,0046
que pasa con el original si aparece despues?,0046
carta de solicitud para duplicado de crpva,0046
duplicado de crpva conserva el mismo numero de folio?,0046
se puede tramitar duplicado de rua via apoderado?,0046
duplicado del crpva actualiza la radicatoria?,0046
hay multa por extravio del rua 03?,0046
puedo circular con copia legalizada mientras tramito duplicado?,0046
duplicado de rua requiere pago de impuestos al dia?,0046
cual es la vigencia del duplicado del certificado?,0046
necesito soat vigente para duplicado de crpva?,0046
duplicar rua y cambio de motor se pueden hacer juntos?,0046
que oficina atiende duplicado de crpva los sabados?,0046
tiempo maximo para reportar la perdida del crpva?,0046
duplicado de rua aplica a remolques?,0046
puedo recibir el duplicado por correo electronico?,0046
que hago si tambien perdi mi placa?,0046
duplicado del crpva afecta el valor fiscal del vehiculo?,0046
es necesario presentar fotocopia del documento extraviado?,0046
puedo tramitar duplicado en un municipio distinto?,0046
duplicado de certificado de moto sigue el mismo procedimiento?,0046
cuantas veces puedo pedir duplicado de rua?,0046
el duplicado viene con codigo qr actualizado?,0046
deben firmar los copropietarios para duplicado?,0046
puedo tramitar duplicado si el auto esta pignorado?,0046
duplicado de rua con radicatoria en otro municipio requiere traslado?,0046
se necesita peritaje de transito para duplicado de crpva?,0046
que impuestos se pagan al duplicar el certificado?,0046
duplicado de crpva incluye sticker de seguridad?,0046
puedo acelerar el tramite con pago expres?,0046
como rastreo mi solicitud de duplicado online?,0046
duplicado rua cubre certificados de maquinaria agricola?,0046
cual es la multa por falsificar un rua duplicado?,0046
se puede anular la solicitud de duplicado si aparece el original?,0046
puedo consolidar duplicado de rua y cambio de color juntos?,0046
duplicado de crpva requiere certificado de radicatoria?,0046
se puede pagar la tasa en banco o solo en caja municipal?,0046
como obtengo duplicado si el vehiculo esta inactivo?,0046
duplicado de rua digital tiene la misma validez legal?,0046
es posible autorizar a mi gestor a recoger el duplicado?,0046
checklist para duplicado de crpva 2025,0046
como inscribo un vehiculo importado directamente por aduana?,0047
requisitos para registrar moto importada sin intermediario,0047
cuanto cuesta la inscripcion de importacion directa?,0047
donde presento la declaracion unica de importacion (dui)?,0047
necesito certificado de emisiones para inscribir auto importado?,0047
se requiere inspeccion fisica en aduana para la inscripcion?,0047
que plazo tengo para registrar vehiculo importado al pais?,0047
se genera ruat al inscribir importacion directa?,0047
como tramitar la placa para vehiculo importado de japon?,0047
puedo circular con placa provisoria mientras se inscribe?,0047
importacion directa aplica a vehiculos electricos?,0047
se paga impuesto municipal antes o despues de inscribir?,0047
formato de poder notarial para inscripcion de importacion directa,0047
que pasa si pierdo la dui antes de inscribir el vehiculo?,0047
necesito factura comercial para importacion directa?,0047
como inscribir camioneta importada con timon cambiado?,0047
requiere registro de aduana si el vehiculo viene por triptik?,0047
cuanto tarda obtener placas tras inscripcion directa?,0047
inscripcion directa incluye certificado de radicatoria?,0047
puedo inscribir varias motocicletas importadas en un solo tramite?,0047
se exige soat antes del registro de vehiculo importado?,0047
hay beneficios tributarios para autos hibridos importados directamente?,0047
que oficina municipal atiende importacion directa los sabados?,0047
necesito revision de chasis y motor en transito?,0047
se puede hacer inscripcion directa en linea?,0047
cual es la multa por registrar fuera de plazo un auto importado?,0047
la inscripcion directa cubre maquinaria agricola?,0047
como inscribir vehiculo importado con danos de transporte?,0047
puedo cambiar el color antes de la inscripcion?,0047
inscripcion directa genera automaticamente el crpva?,0047
que impuesto aduanero se presenta al municipio?,0047
como inscribir auto de subasta internacional?,0047
es obligatorio radicar en el alto al registrar mi importacion?,0047
necesito certificado de fumigacion para vehiculo importado?,0047
la inscripcion directa incluye chip de control vehicular?,0047
puedo inscribir vehiculo diplomatico importado directamente?,0047
como registrar moto importada por courier?,0047
tramite expres disponible para inscripcion directa?,0047
checklist de documentos para importacion directa 2025,0047
se paga tasa diferenciada por cilindraje alto?,0047
como obtener ruat provisional para importar vehiculo?,0047
importacion directa aplica a vehiculos usados?,0047
que edad maxima del vehiculo admite inscripcion directa?,0047
se puede transferir la inscripcion antes de un ano?,0047
como inscribir auto importado con volante a la derecha?,0047
se exige iso 14001 para vehiculos diesel importados?,0047
necesito poliza de seguro internacional para inscribir?,0047
como inscribir auto importado tras zona franca?,0047
inscripcion directa exige certificado de origen?,0047
que entidad emite el formulario aduana-360?,0047
pasos para obtener placas verdes para auto importado,0047
como registro un vehiculo comprado a una casa comercial?,0048
requisitos para inscribir moto nueva con factura de concesionario,0048
cuanto cuesta el registro de vehiculo con factura comercial?,0048
necesito dui si tengo factura de importadora?,0048
donde se presenta la factura comercial para ruat?,0048
plazo para inscribir vehiculo nuevo despues de la compra?,0048
la inscripcion con factura incluye placas?,0048
se requiere soat vigente para registrar auto nuevo?,0048
que impuestos pago al inscribir un cero kilometros?,0048
factura comercial debe estar a mi nombre para inscribir?,0048
como inscribir vehiculo de flota empresarial con factura?,0048
registro de motocicleta electrica requiere tramite especial?,0048
se puede inscribir en linea un vehiculo con factura comercial?,0048
necesito revision tecnica vehicular para auto nuevo?,0048
costo de placas para motocicleta comprada en agencia,0048
factura con credito fiscal sirve para inscripcion?,0048
puedo inscribir vehiculo con factura extranjera?,0048
casa comercial puede hacer el tramite por mi?,0048
que pasa si pierdo la factura antes de registrar el coche?,0048
inscripcion de camion con factura comercial y leasing,0048
se exige certificado de conformidad de origen?,0048
placa provisional se otorga al comprar en concesionario?,0048
como inscribir moto deportiva de alta cilindrada?,0048
hay descuento tributario para autos de energias limpias?,0048
factura comercial requiere firma electronica?,0048
que documentos de aduana acompanan la factura?,0048
tiempo estimado para recibir placas definitivas?,0048
inscripcion con factura incluye crpva automatico?,0048
necesito radicar en el alto para inscribir el vehiculo?,0048
se puede pagar la tasa de inscripcion con qr?,0048
como registrar vehiculo adquirido en feria automotriz?,0048
factura a nombre de empresa: pasos de inscripcion?,0048
es obligatoria la poliza de seguro contra robo para inscripcion?,0048
como inscribir atv o cuatrimoto con factura?,0048
inscripcion con factura comercial para van escolar?,0048
se requiere certificado de emisiones para auto nuevo?,0048
que hace la municipalidad con la factura original?,0048
inscripcion de vehiculo demo de agencia requiere documento extra?,0048
puedo transferir placas viejas a un auto nuevo con factura?,0048
inscripcion con factura permite elegir numero de placa?,0048
que edad maxima de factura es valida para inscripcion?,0048
checklist de inscripcion con factura 2025,0048
casa comercial debe estar registrada en impuestos para inscribir?,0048
como registrar un bus interprovincial con factura de fabrica?,0048
se impone sancion por demorarse en inscribir vehiculo nuevo?,0048
factura comercial debe tener qr del sin?,0048
inscripcion con factura cubre vehiculos de exhibicion?,0048
puedo financiar la tasa de inscripcion junto al credito del auto?,0048
se actualiza automaticamente el ruat cuando inscribo?,0048
que oficina entrega placas si el vehiculo es de alta gama?,0048
como registro el cambio de motor de mi vehiculo?,0049
requisitos para modificar el color en rua 03,0049
cuanto cuesta actualizar datos tecnicos del auto?,0049
donde tramitar cambio de cilindrada de motocicleta?,0049
necesito peritaje para modificar numero de motor?,0049
se puede cambiar el tipo de combustible en el crpva?,0049
que documentos pide transito para cambio de color?,0049
modificacion de datos tecnicos requiere nuevo ruat?,0049
puedo registrar un motor reconstruido?,0049
cuanto tarda la modificacion de datos en el sistema?,0049
cambiar motor afecta impuestos municipales?,0049
como actualizo datos si instale gnv?,0049
es obligatoria inspeccion tecnica vehicular para cambio de color?,0049
necesito soat actualizado para modificar datos?,0049
cambio de color requiere fotos del vehiculo?,0049
se paga multa por no registrar cambio de motor a tiempo?,0049
modificacion de datos aplica a remolques?,0049
puedo cambiar varios datos tecnicos en un solo tramite?,0049
que pasa si el motor nuevo no tiene factura?,0049
como registro pintura de diseno especial (wrap)?,0049
requiere autorizacion de la aduana para motor importado?,0049
puedo modificar datos si el vehiculo esta prendado?,0049
se genera nuevo certificado de radicatoria tras cambio tecnico?,0049
necesito actualizar tarjeta de operacion de taxi por cambio de color?,0049
tiempo maximo para circular con motor cambiado sin registrar?,0049
como registrar cambio de chasis por accidente?,0049
modificacion de datos tecnicos incluye cambio de carroceria?,0049
hay descuento en tasas por motor electrico?,0049
que oficina atiende modificaciones los sabados?,0049
se actualiza automaticamente el ruat en linea?,0049
cambiar tipo de uso (particular a publico) es dato tecnico?,0049
checklist para modificacion de motor 2025?,0049
puedo registrar color bicolor en el crpva?,0049
se exige certificado de importacion del nuevo motor?,0049
como rectifico error en cilindrada registrada?,0049
modificacion de datos afecta el impuesto de transferencia?,0049
necesito nueva placa por cambio de combustible?,0049
cual es la multa por datos tecnicos incorrectos?,0049
puedo delegar el tramite de modificacion a un gestor?,0049
cambiar motor implica reinspeccion de la felcv?,0049
se renueva la radicatoria al modificar datos tecnicos?,0049
tiempo de vigencia del tramite de modificacion?,0049
como actualizo datos de un motor convertido a glp?,0049
tramite expres para cambio de color de flota?,0049
puedo registrar datos tecnicos de un vehiculo artesanal?,0049
se requiere nueva poliza de seguro tras cambiar motor?,0049
como modificar el numero de asiento registrado?,0049
modificacion de datos tecnicos afecta el descuento de servicio publico?,0049
cual es el codigo para cambio de carroceria en formulario?,0049
se necesita firma del ingeniero mecanico para cambio de motor?,0049
